/home/robotics7/data/training/redbox/0.jpg,238,319,306,335
/home/robotics7/data/training/redbox/1.jpg,238,319,302,339
/home/robotics7/data/training/redbox/2.jpg,237,319,297,345
/home/robotics7/data/training/redbox/3.jpg,238,319,291,350
/home/robotics7/data/training/redbox/4.jpg,240,319,286,355
/home/robotics7/data/training/redbox/5.jpg,244,317,282,359
/home/robotics7/data/training/redbox/6.jpg,248,313,281,359
/home/robotics7/data/training/redbox/7.jpg,257,303,281,357
/home/robotics7/data/training/redbox/8.jpg,251,310,281,359
/home/robotics7/data/training/redbox/9.jpg,245,315,280,358
/home/robotics7/data/training/redbox/10.jpg,241,319,281,357
/home/robotics7/data/training/redbox/11.jpg,238,319,285,352
/home/robotics7/data/training/redbox/12.jpg,238,319,293,344
/home/robotics7/data/training/redbox/13.jpg,237,319,298,339
/home/robotics7/data/training/redbox/14.jpg,238,319,296,345
