/home/robotics7/data/training/purplebox/0.jpg,236,306,271,370
/home/robotics7/data/training/purplebox/1.jpg,229,312,269,371
/home/robotics7/data/training/purplebox/2.jpg,222,319,267,372
/home/robotics7/data/training/purplebox/3.jpg,218,319,267,370
/home/robotics7/data/training/purplebox/4.jpg,214,319,271,367
/home/robotics7/data/training/purplebox/5.jpg,210,319,277,358
/home/robotics7/data/training/purplebox/6.jpg,211,319,291,346
/home/robotics7/data/training/purplebox/7.jpg,213,319,300,341
/home/robotics7/data/training/purplebox/8.jpg,211,319,291,352
/home/robotics7/data/training/purplebox/9.jpg,211,319,281,363
/home/robotics7/data/training/purplebox/10.jpg,214,319,275,368
/home/robotics7/data/training/purplebox/11.jpg,218,319,269,372
/home/robotics7/data/training/purplebox/12.jpg,226,317,268,371
/home/robotics7/data/training/purplebox/13.jpg,229,314,268,371
/home/robotics7/data/training/purplebox/14.jpg,233,309,270,371
