/home/robotics7/data/training/greenbox/0.jpg,237,302,281,360
/home/robotics7/data/training/greenbox/1.jpg,231,308,279,361
/home/robotics7/data/training/greenbox/2.jpg,227,313,277,361
/home/robotics7/data/training/greenbox/3.jpg,222,317,278,360
/home/robotics7/data/training/greenbox/4.jpg,219,319,281,356
/home/robotics7/data/training/greenbox/5.jpg,216,319,286,352
/home/robotics7/data/training/greenbox/6.jpg,216,319,286,352
/home/robotics7/data/training/greenbox/7.jpg,216,319,294,343
/home/robotics7/data/training/greenbox/8.jpg,216,319,303,334
/home/robotics7/data/training/greenbox/9.jpg,216,319,297,345
/home/robotics7/data/training/greenbox/10.jpg,216,319,288,353
/home/robotics7/data/training/greenbox/11.jpg,219,319,281,360
/home/robotics7/data/training/greenbox/12.jpg,223,316,279,361
/home/robotics7/data/training/greenbox/13.jpg,227,312,278,361
/home/robotics7/data/training/greenbox/14.jpg,233,306,278,360
