/home/robotics7/data/training/yellowbox/0.jpg,251,302,258,382
/home/robotics7/data/training/yellowbox/1.jpg,241,312,256,383
/home/robotics7/data/training/yellowbox/2.jpg,233,319,256,382
/home/robotics7/data/training/yellowbox/3.jpg,229,319,257,378
/home/robotics7/data/training/yellowbox/4.jpg,222,319,261,373
/home/robotics7/data/training/yellowbox/5.jpg,215,319,268,365
/home/robotics7/data/training/yellowbox/6.jpg,212,319,285,349
/home/robotics7/data/training/yellowbox/7.jpg,212,318,302,335
/home/robotics7/data/training/yellowbox/8.jpg,212,318,305,337
/home/robotics7/data/training/yellowbox/9.jpg,212,319,291,353
/home/robotics7/data/training/yellowbox/10.jpg,214,319,282,363
/home/robotics7/data/training/yellowbox/11.jpg,218,319,273,371
/home/robotics7/data/training/yellowbox/12.jpg,222,319,264,379
/home/robotics7/data/training/yellowbox/13.jpg,230,319,261,382
/home/robotics7/data/training/yellowbox/14.jpg,239,313,256,383
