/home/robotics7/data/training/bluebox/0.jpg,256,307,264,375
/home/robotics7/data/training/bluebox/1.jpg,251,313,263,378
/home/robotics7/data/training/bluebox/2.jpg,244,319,261,377
/home/robotics7/data/training/bluebox/3.jpg,240,319,261,376
/home/robotics7/data/training/bluebox/4.jpg,233,319,262,374
/home/robotics7/data/training/bluebox/5.jpg,229,319,269,366
/home/robotics7/data/training/bluebox/6.jpg,226,319,275,359
/home/robotics7/data/training/bluebox/7.jpg,225,319,289,346
/home/robotics7/data/training/bluebox/8.jpg,228,318,301,340
/home/robotics7/data/training/bluebox/9.jpg,226,319,293,350
/home/robotics7/data/training/bluebox/10.jpg,226,319,286,359
/home/robotics7/data/training/bluebox/11.jpg,226,319,278,366
/home/robotics7/data/training/bluebox/12.jpg,229,319,270,373
/home/robotics7/data/training/bluebox/13.jpg,233,319,265,377
/home/robotics7/data/training/bluebox/14.jpg,243,319,262,377
